N e w | | Y o r k , | | N Y , | | U S A
4 0 . 7 8 2 8 6 4 7
- 7 3 . 9 6 5 3 5 5 1
h t t p s : / / m a p s . g s t a t i c . c o m / m a p f i l e s / p l a c e _ a p i / i c o n s / g e n e r i c _ r e c r e a t i o n a l - 7 1 . p n g
C e n t r a l | | P a r k
4 . 8
N e w | | Y o r k , | | N Y | | 1 0 0 1 8 , | | U S A
4 0 . 7 5 3 5 9 6 5
- 7 3 . 9 8 3 2 3 2 6
h t t p s : / / m a p s . g s t a t i c . c o m / m a p f i l e s / p l a c e _ a p i / i c o n s / g e n e r i c _ r e c r e a t i o n a l - 7 1 . p n g
B r y a n t | | P a r k
4 . 6
N e w | | Y o r k , | | N Y , | | U S A
4 0 . 8 0 1 2 3 3 9
- 7 3 . 9 7 2 3 0 9 6
h t t p s : / / m a p s . g s t a t i c . c o m / m a p f i l e s / p l a c e _ a p i / i c o n s / g e n e r i c _ r e c r e a t i o n a l - 7 1 . p n g
R i v e r s i d e | | P a r k
4 . 6
N e w | | Y o r k , | | N Y | | 1 0 0 1 2 , | | U S A
4 0 . 7 3 0 8 2 2 8
- 7 3 . 9 9 7 3 3 2
h t t p s : / / m a p s . g s t a t i c . c o m / m a p f i l e s / p l a c e _ a p i / i c o n s / g e n e r i c _ r e c r e a t i o n a l - 7 1 . p n g
W a s h i n g t o n | | S q u a r e | | P a r k
4 . 6
D y c k m a n | | S t , | | N e w | | Y o r k , | | N Y | | 1 0 4 5 2 , | | U S A
4 0 . 8 7 2 3 4 4 8 0 0 0 0 0 0 1
- 7 3 . 9 2 4 3 8 4
h t t p s : / / m a p s . g s t a t i c . c o m / m a p f i l e s / p l a c e _ a p i / i c o n s / g e n e r i c _ r e c r e a t i o n a l - 7 1 . p n g
I n w o o d | | H i l l | | P a r k
4 . 6
1 8 | | M t | | M o r r i s | | P a r k | | W , | | N e w | | Y o r k , | | N Y | | 1 0 0 2 7 , | | U S A
4 0 . 8 0 4 4 3 0 1
- 7 3 . 9 4 3 5 8 3 3
h t t p s : / / m a p s . g s t a t i c . c o m / m a p f i l e s / p l a c e _ a p i / i c o n s / g e n e r i c _ r e c r e a t i o n a l - 7 1 . p n g
M a r c u s | | G a r v e y | | P a r k
4 . 1
N e w | | Y o r k , | | N Y | | 1 0 0 1 1 , | | U S A
4 0 . 7 4 7 9 9 2 5
- 7 4 . 0 0 4 7 6 4 9
h t t p s : / / m a p s . g s t a t i c . c o m / m a p f i l e s / p l a c e _ a p i / i c o n s / g e n e r i c _ r e c r e a t i o n a l - 7 1 . p n g
T h e | | H i g h | | L i n e
4 . 7
Q u e e n s , | | N Y , | | U S A
4 0 . 7 3 9 7 1 3 5 9 9 9 9 9 9 9
- 7 3 . 8 4 0 7 8 5
h t t p s : / / m a p s . g s t a t i c . c o m / m a p f i l e s / p l a c e _ a p i / i c o n s / g e n e r i c _ r e c r e a t i o n a l - 7 1 . p n g
F l u s h i n g | | M e a d o w s | | C o r o n a | | P a r k
4 . 5
N e w | | Y o r k , | | N Y | | 1 0 0 0 4 , | | U S A
4 0 . 7 0 3 2 7 7 5
- 7 4 . 0 1 7 0 2 7 9
h t t p s : / / m a p s . g s t a t i c . c o m / m a p f i l e s / p l a c e _ a p i / i c o n s / g e n e r i c _ r e c r e a t i o n a l - 7 1 . p n g
B a t t e r y | | P a r k
4 . 4
6 7 | | M u l b e r r y | | S t , | | N e w | | Y o r k , | | N Y | | 1 0 0 1 3 , | | U S A
4 0 . 7 1 5 6 6 1 8
- 7 3 . 9 9 9 9 9 6 1
h t t p s : / / m a p s . g s t a t i c . c o m / m a p f i l e s / p l a c e _ a p i / i c o n s / g e n e r i c _ r e c r e a t i o n a l - 7 1 . p n g
C o l u m b u s | | P a r k
4 . 1
R i v e r s i d e | | D r | | T o | | B r o a d w a y , | | N e w | | Y o r k , | | N Y | | 1 0 0 4 0 , | | U S A
4 0 . 8 6 2 5 6 0 8
- 7 3 . 9 3 1 2 9 9 5
h t t p s : / / m a p s . g s t a t i c . c o m / m a p f i l e s / p l a c e _ a p i / i c o n s / g e n e r i c _ r e c r e a t i o n a l - 7 1 . p n g
F o r t | | T r y o n | | P a r k
4 . 7
W | | 1 7 3 r d | | S t | | & | | H a v e n | | A v e , | | N e w | | Y o r k , | | N Y | | 1 0 0 3 3 , | | U S A
4 0 . 8 4 6 3 6 7 9
- 7 3 . 9 4 1 4 9 3
h t t p s : / / m a p s . g s t a t i c . c o m / m a p f i l e s / p l a c e _ a p i / i c o n s / g e n e r i c _ r e c r e a t i o n a l - 7 1 . p n g
J . | | H o o d | | W r i g h t | | P a r k
4 . 5
4 5 0 | | S t | | A n n ' s | | A v e , | | B r o n x , | | N Y | | 1 0 4 5 5 , | | U S A
4 0 . 8 1 1 7 3 8 7
- 7 3 . 9 1 2 0 2 4 3
h t t p s : / / m a p s . g s t a t i c . c o m / m a p f i l e s / p l a c e _ a p i / i c o n s / g e n e r i c _ r e c r e a t i o n a l - 7 1 . p n g
S a i n t | | M a r y ' s | | P a r k
4
N e w | | Y o r k , | | N Y | | 1 0 0 3 4 , | | U S A
4 0 . 8 6 9 7 2 6 7
- 7 3 . 9 1 9 4 4 8 6
h t t p s : / / m a p s . g s t a t i c . c o m / m a p f i l e s / p l a c e _ a p i / i c o n s / g e n e r i c _ r e c r e a t i o n a l - 7 1 . p n g
I s h a m | | P a r k
4 . 5
1 2 8 | | P i t t | | S t , | | N e w | | Y o r k , | | N Y | | 1 0 0 0 2 , | | U S A
4 0 . 7 1 9 9 8 5 9
- 7 3 . 9 8 1 4 6 2 4 9 9 9 9 9 9 9
h t t p s : / / m a p s . g s t a t i c . c o m / m a p f i l e s / p l a c e _ a p i / i c o n s / g e n e r i c _ b u s i n e s s - 7 1 . p n g
N Y C | | D e p a r t m e n t | | o f | | P a r k s | | & | | R e c r e a t i o n : | | H a m i l t o n | | F i s h | | P a r k
4 . 1
C o l u m b u s | | A v e | | & | | W | | 6 3 r d | | S t , | | N e w | | Y o r k , | | N Y | | 1 0 0 2 3 , | | U S A
4 0 . 7 7 1 8 3 1 1
- 7 3 . 9 8 2 5 5 8 5
h t t p s : / / m a p s . g s t a t i c . c o m / m a p f i l e s / p l a c e _ a p i / i c o n s / g e n e r i c _ r e c r e a t i o n a l - 7 1 . p n g
D a n t e | | P a r k
4 . 1
2 3 0 1 | | A m s t e r d a m | | A v e , | | N e w | | Y o r k , | | N Y | | 1 0 0 3 3 , | | U S A
4 0 . 8 4 4 6 2 9 6
- 7 3 . 9 3 2 9 6 3 8
h t t p s : / / m a p s . g s t a t i c . c o m / m a p f i l e s / p l a c e _ a p i / i c o n s / g e n e r i c _ r e c r e a t i o n a l - 7 1 . p n g
H i g h b r i d g e | | P a r k
4 . 2
B r o o k l y n , | | N Y | | 1 1 2 2 5 , | | U S A
4 0 . 6 6 0 2 0 3 7
- 7 3 . 9 6 8 9 5 5 8
h t t p s : / / m a p s . g s t a t i c . c o m / m a p f i l e s / p l a c e _ a p i / i c o n s / g e n e r i c _ r e c r e a t i o n a l - 7 1 . p n g
P r o s p e c t | | P a r k
4 . 7
W | | 1 8 3 r d | | S t | | & | | F o r t | | W a s h i n g t o n | | A v e n u e , | | N e w | | Y o r k , | | N Y | | 1 0 0 3 3 , | | U S A
4 0 . 8 5 2 8 0 5 3
- 7 3 . 9 3 8 0 0 2 7 9 9 9 9 9 9 9
h t t p s : / / m a p s . g s t a t i c . c o m / m a p f i l e s / p l a c e _ a p i / i c o n s / g e n e r i c _ r e c r e a t i o n a l - 7 1 . p n g
B e n n e t t | | P a r k
4 . 3
1 1 | | M a d i s o n | | A v e , | | N e w | | Y o r k , | | N Y | | 1 0 0 1 0 , | | U S A
4 0 . 7 4 2 0 3 7 1
- 7 3 . 9 8 7 5 6 3 5
h t t p s : / / m a p s . g s t a t i c . c o m / m a p f i l e s / p l a c e _ a p i / i c o n s / g e n e r i c _ r e c r e a t i o n a l - 7 1 . p n g
M a d i s o n | | S q u a r e | | P a r k
4 . 5
