S a n | | F r a n c i s c o , | | C A , | | U S A
3 7 . 7 6 9 4 2 0 8
- 1 2 2 . 4 8 6 2 1 3 8
h t t p s : / / m a p s . g s t a t i c . c o m / m a p f i l e s / p l a c e _ a p i / i c o n s / g e n e r i c _ r e c r e a t i o n a l - 7 1 . p n g
G o l d e n | | G a t e | | P a r k
4 . 7
D o l o r e s | | S t | | & | | 1 9 t h | | S t , | | S a n | | F r a n c i s c o , | | C A | | 9 4 1 1 4 , | | U S A
3 7 . 7 5 9 6 1 6 8
- 1 2 2 . 4 2 6 9 0 3 8
h t t p s : / / m a p s . g s t a t i c . c o m / m a p f i l e s / p l a c e _ a p i / i c o n s / g e n e r i c _ r e c r e a t i o n a l - 7 1 . p n g
M i s s i o n | | D o l o r e s | | P a r k
4 . 6
J a c k s o n | | S t . | | & | | S t e i n e r | | S t . , | | S a n | | F r a n c i s c o , | | C A | | 9 4 1 1 5 , | | U S A
3 7 . 7 9 1 1 4 1 7
- 1 2 2 . 4 3 7 6 2 4 1
h t t p s : / / m a p s . g s t a t i c . c o m / m a p f i l e s / p l a c e _ a p i / i c o n s / g e n e r i c _ r e c r e a t i o n a l - 7 1 . p n g
A l t a | | P l a z a | | P a r k
4 . 6
F i l b e r t | | S t | | & | | S t o c k t o n | | S t , | | S a n | | F r a n c i s c o , | | C A | | 9 4 1 3 3 , | | U S A
3 7 . 8 0 0 8 4 7 3
- 1 2 2 . 4 0 9 9 7 9 1
h t t p s : / / m a p s . g s t a t i c . c o m / m a p f i l e s / p l a c e _ a p i / i c o n s / g e n e r i c _ r e c r e a t i o n a l - 7 1 . p n g
W a s h i n g t o n | | S q u a r e
4 . 4
G o u g h | | S t . | | & | | W a s h i n g t o n | | S t , | | S a n | | F r a n c i s c o , | | C A | | 9 4 1 0 9 , | | U S A
3 7 . 7 9 1 6 1 4 6
- 1 2 2 . 4 2 7 6 1 3 3
h t t p s : / / m a p s . g s t a t i c . c o m / m a p f i l e s / p l a c e _ a p i / i c o n s / g e n e r i c _ r e c r e a t i o n a l - 7 1 . p n g
L a f a y e t t e | | P a r k
4 . 7
5 0 1 | | T w i n | | P e a k s | | B l v d , | | S a n | | F r a n c i s c o , | | C A | | 9 4 1 1 4 , | | U S A
3 7 . 7 5 2 5 0 9 8
- 1 2 2 . 4 4 7 5 6 8 3
h t t p s : / / m a p s . g s t a t i c . c o m / m a p f i l e s / p l a c e _ a p i / i c o n s / g e n e r i c _ r e c r e a t i o n a l - 7 1 . p n g
T w i n | | P e a k s
4 . 7
1 7 0 5 | | 1 4 t h | | A v e , | | S a n | | F r a n c i s c o , | | C A | | 9 4 1 2 2 , | | U S A
3 7 . 7 5 6 4 0 8 4
- 1 2 2 . 4 7 1 7 3 9 6
h t t p s : / / m a p s . g s t a t i c . c o m / m a p f i l e s / p l a c e _ a p i / i c o n s / g e n e r i c _ r e c r e a t i o n a l - 7 1 . p n g
G r a n d v i e w | | P a r k
4 . 8
S a n | | F r a n c i s c o , | | C A | | 9 4 1 0 9 , | | U S A
3 7 . 8 0 7 7 4 2 9 9 9 9 9 9 9 9
- 1 2 2 . 4 2 4 1 5
h t t p s : / / m a p s . g s t a t i c . c o m / m a p f i l e s / p l a c e _ a p i / i c o n s / g e n e r i c _ r e c r e a t i o n a l - 7 1 . p n g
S a n | | F r a n c i s c o | | M a r i t i m e | | N a t i o n a l | | H i s t o r i c a l | | P a r k
4 . 5
E l k | | S t | | a n d | | C h e n e r y | | S t r e e t , | | S a n | | F r a n c i s c o , | | C A | | 9 4 1 2 7 , | | U S A
3 7 . 7 4 1 5 5 8 8
- 1 2 2 . 4 4 3 1 8 5 1
h t t p s : / / m a p s . g s t a t i c . c o m / m a p f i l e s / p l a c e _ a p i / i c o n s / g e n e r i c _ r e c r e a t i o n a l - 7 1 . p n g
G l e n | | C a n y o n | | P a r k
4 . 7
R o o s e v e l t | | W a y | | & | | M u s e u m | | W a y , | | S a n | | F r a n c i s c o , | | C A | | 9 4 1 1 4 , | | U S A
3 7 . 7 6 5 3 1 2 2
- 1 2 2 . 4 3 8 5 8 4 6
h t t p s : / / m a p s . g s t a t i c . c o m / m a p f i l e s / p l a c e _ a p i / i c o n s / g e n e r i c _ r e c r e a t i o n a l - 7 1 . p n g
C o r o n a | | H e i g h t s | | P a r k
4 . 7
1 0 0 | | J o h n | | F | | S h e l l e y | | D r , | | S a n | | F r a n c i s c o , | | C A | | 9 4 1 3 4 , | | U S A
3 7 . 7 1 9 3 0 9
- 1 2 2 . 4 1 9 3 7 4 2
h t t p s : / / m a p s . g s t a t i c . c o m / m a p f i l e s / p l a c e _ a p i / i c o n s / g e n e r i c _ r e c r e a t i o n a l - 7 1 . p n g
J o h n | | M c L a r e n | | P a r k
4 . 5
9 8 | | F u n s t o n | | A v e , | | S a n | | F r a n c i s c o , | | C A | | 9 4 1 1 8 , | | U S A
3 7 . 7 8 7 2 8 2 2
- 1 2 2 . 4 6 9 7 2 2 5
h t t p s : / / m a p s . g s t a t i c . c o m / m a p f i l e s / p l a c e _ a p i / i c o n s / g e n e r i c _ r e c r e a t i o n a l - 7 1 . p n g
M o u n t a i n | | L a k e | | P a r k
4 . 5
T h e | | E m b a r c a d e r o | | & | | F o l s o m | | S t , | | S a n | | F r a n c i s c o , | | C A | | 9 4 1 0 5 , | | U S A
3 7 . 7 9 1 5 6 7 5
- 1 2 2 . 3 8 9 9 4 2 4
h t t p s : / / m a p s . g s t a t i c . c o m / m a p f i l e s / p l a c e _ a p i / i c o n s / g e n e r i c _ r e c r e a t i o n a l - 7 1 . p n g
R i n c o n | | P a r k
4 . 4
6 2 5 | | H o l l y | | P a r k | | C i r , | | S a n | | F r a n c i s c o , | | C A | | 9 4 1 1 0 , | | U S A
3 7 . 7 3 7 2 1 1 5
- 1 2 2 . 4 1 9 9 3 5 3
h t t p s : / / m a p s . g s t a t i c . c o m / m a p f i l e s / p l a c e _ a p i / i c o n s / g e n e r i c _ r e c r e a t i o n a l - 7 1 . p n g
H o l l y | | P a r k
4 . 4
F o r t | | F u n s t o n | | R d , | | S a n | | F r a n c i s c o , | | C A | | 9 4 1 3 2 , | | U S A
3 7 . 7 1 9 5 4 3 6
- 1 2 2 . 5 0 2 8 0 5 2
h t t p s : / / m a p s . g s t a t i c . c o m / m a p f i l e s / p l a c e _ a p i / i c o n s / g e n e r i c _ r e c r e a t i o n a l - 7 1 . p n g
F o r t | | F u n s t o n
4 . 8
C a l i f o r n i a | | S t | | & | | T a y l o r | | S t , | | S a n | | F r a n c i s c o , | | C A | | 9 4 1 0 8 , | | U S A
3 7 . 7 9 2 1 8 1 4
- 1 2 2 . 4 1 2 1 7 3 7
h t t p s : / / m a p s . g s t a t i c . c o m / m a p f i l e s / p l a c e _ a p i / i c o n s / g e n e r i c _ r e c r e a t i o n a l - 7 1 . p n g
H u n t i n g t o n | | P a r k
4 . 4
6 8 0 | | P o i n t | | L o b o s | | A v e , | | S a n | | F r a n c i s c o , | | C A | | 9 4 1 2 1 , | | U S A
3 7 . 7 8 4 8 8 3 6
- 1 2 2 . 5 0 7 5 1
h t t p s : / / m a p s . g s t a t i c . c o m / m a p f i l e s / p l a c e _ a p i / i c o n s / g e n e r i c _ r e c r e a t i o n a l - 7 1 . p n g
L a n d s | | E n d
4 . 8
8 4 6 | | P o i n t | | L o b o s | | A v e , | | S a n | | F r a n c i s c o , | | C A | | 9 4 1 2 1 , | | U S A
3 7 . 7 7 7 7 9 4 2
- 1 2 2 . 5 1 1 1 0 7 5
h t t p s : / / m a p s . g s t a t i c . c o m / m a p f i l e s / p l a c e _ a p i / i c o n s / g e n e r i c _ r e c r e a t i o n a l - 7 1 . p n g
S u t r o | | H e i g h t s | | P a r k
4 . 6
7 5 0 | | H o w a r d | | S t , | | S a n | | F r a n c i s c o , | | C A | | 9 4 1 0 3 , | | U S A
3 7 . 7 8 5 0 1 5 3
- 1 2 2 . 4 0 2 3 4 6 4
h t t p s : / / m a p s . g s t a t i c . c o m / m a p f i l e s / p l a c e _ a p i / i c o n s / g e n e r i c _ r e c r e a t i o n a l - 7 1 . p n g
Y e r b a | | B u e n a | | G a r d e n s
4 . 5
C a r g o | | W a y | | & | | J e n n i n g s | | S t r e e t , | | S a n | | F r a n c i s c o , | | C A | | 9 4 1 2 4 , | | U S A
3 7 . 7 3 8 2 0 0 2
- 1 2 2 . 3 7 3 1 0 8 1
h t t p s : / / m a p s . g s t a t i c . c o m / m a p f i l e s / p l a c e _ a p i / i c o n s / g e n e r i c _ r e c r e a t i o n a l - 7 1 . p n g
H e r o n ' s | | H e a d | | P a r k
4 . 3
