4 0 0 | | P a r k | | D r | | N E , | | A t l a n t a , | | G A | | 3 0 3 0 6 , | | U S A
3 3 . 7 8 5 7 6 5 5
- 8 4 . 3 7 4 2 7 1
h t t p s : / / m a p s . g s t a t i c . c o m / m a p f i l e s / p l a c e _ a p i / i c o n s / g e n e r i c _ r e c r e a t i o n a l - 7 1 . p n g
P i e d m o n t | | P a r k
4 . 8
6 8 0 | | D a l l a s | | S t | | N E , | | A t l a n t a , | | G A | | 3 0 3 0 8 , | | U S A
3 3 . 7 6 9 4 0 4 3
- 8 4 . 3 6 4 7 9 6 8
h t t p s : / / m a p s . g s t a t i c . c o m / m a p f i l e s / p l a c e _ a p i / i c o n s / g e n e r i c _ r e c r e a t i o n a l - 7 1 . p n g
H i s t o r i c | | F o u r t h | | W a r d | | P a r k
4 . 7
9 1 | | P e a c h t r e e | | S t | | N W , | | A t l a n t a , | | G A | | 3 0 3 0 3 , | | U S A
3 3 . 7 5 5 1 8 9
- 8 4 . 3 8 8 6 3 6 2
h t t p s : / / m a p s . g s t a t i c . c o m / m a p f i l e s / p l a c e _ a p i / i c o n s / g e n e r i c _ r e c r e a t i o n a l - 7 1 . p n g
W o o d r u f f | | P a r k
3 . 9
2 6 5 | | P a r k | | A v e | | W | | N W , | | A t l a n t a , | | G A | | 3 0 3 1 3 , | | U S A
3 3 . 7 6 0 3 4 7 4
- 8 4 . 3 9 3 5 0 7 2
h t t p s : / / m a p s . g s t a t i c . c o m / m a p f i l e s / p l a c e _ a p i / i c o n s / g e n e r i c _ r e c r e a t i o n a l - 7 1 . p n g
C e n t e n n i a l | | O l y m p i c | | P a r k
4 . 5
7 7 0 | | D e c k n e r | | A v e | | S W , | | A t l a n t a , | | G A | | 3 0 3 1 0 , | | U S A
3 3 . 7 1 1 5 4 8 7
- 8 4 . 4 1 2 6 7 0 6
h t t p s : / / m a p s . g s t a t i c . c o m / m a p f i l e s / p l a c e _ a p i / i c o n s / g e n e r i c _ r e c r e a t i o n a l - 7 1 . p n g
P e r k e r s o n | | P a r k
4 . 3
3 8 4 | | W o o d w a r d | | W a y | | N W , | | A t l a n t a , | | G A | | 3 0 3 0 5 , | | U S A
3 3 . 8 1 7 0 5 9 1
- 8 4 . 4 0 0 7 0 5 5
h t t p s : / / m a p s . g s t a t i c . c o m / m a p f i l e s / p l a c e _ a p i / i c o n s / g e n e r i c _ r e c r e a t i o n a l - 7 1 . p n g
A t l a n t a | | M e m o r i a l | | P a r k
4 . 6
M o r e l a n d | | A v e | | N E | | & | | N o r t h | | A v e n u e | | N E , | | A t l a n t a , | | G A | | 3 0 3 0 8 , | | U S A
3 3 . 7 6 9 9 3 3 7
- 8 4 . 3 4 8 3 3 0 6 9 9 9 9 9 9 9
h t t p s : / / m a p s . g s t a t i c . c o m / m a p f i l e s / p l a c e _ a p i / i c o n s / g e n e r i c _ r e c r e a t i o n a l - 7 1 . p n g
F r e e d o m | | P a r k
4 . 6
8 8 9 | | E u c l i d | | A v e | | N E , | | A t l a n t a , | | G A | | 3 0 3 0 7 , | | U S A
3 3 . 7 5 7 6 0 4 6
- 8 4 . 3 5 7 3 2 6 8
h t t p s : / / m a p s . g s t a t i c . c o m / m a p f i l e s / p l a c e _ a p i / i c o n s / g e n e r i c _ r e c r e a t i o n a l - 7 1 . p n g
S p r i n g v a l e | | P a r k
4 . 7
8 4 0 | | C h e r o k e e | | A v e | | S E , | | A t l a n t a , | | G A | | 3 0 3 0 8 , | | U S A
3 3 . 7 3 5 6 2 9 3
- 8 4 . 3 7 1 1 8 0 6
h t t p s : / / m a p s . g s t a t i c . c o m / m a p f i l e s / p l a c e _ a p i / i c o n s / g e n e r i c _ r e c r e a t i o n a l - 7 1 . p n g
G r a n t | | P a r k
4 . 5
1 0 0 | | B a g l e y | | S t | | N E , | | A t l a n t a , | | G A | | 3 0 3 0 5 , | | U S A
3 3 . 8 3 5 2 3 1 7
- 8 4 . 3 7 2 4 3 6 1
h t t p s : / / m a p s . g s t a t i c . c o m / m a p f i l e s / p l a c e _ a p i / i c o n s / g e n e r i c _ r e c r e a t i o n a l - 7 1 . p n g
F r a n k i e | | A l l e n | | P a r k
4 . 2
4 0 0 | | M e r r i t t s | | A v e | | N E , | | A t l a n t a , | | G A | | 3 0 3 0 8 , | | U S A
3 3 . 7 6 9 0 3 4 2
- 8 4 . 3 7 5 9 3 8 6 9 9 9 9 9 9 9
h t t p s : / / m a p s . g s t a t i c . c o m / m a p f i l e s / p l a c e _ a p i / i c o n s / g e n e r i c _ r e c r e a t i o n a l - 7 1 . p n g
C e n t r a l | | P a r k
4 . 2
7 3 | | T w e n t y | | E i g h t h | | S t , | | A t l a n t a , | | G A | | 3 0 3 0 9 , | | U S A
3 3 . 8 0 8 2 0 2 1
- 8 4 . 4 0 2 4 9 2 6
h t t p s : / / m a p s . g s t a t i c . c o m / m a p f i l e s / p l a c e _ a p i / i c o n s / g e n e r i c _ r e c r e a t i o n a l - 7 1 . p n g
T a n y a r d | | C r e e k | | P a r k
4 . 6
1 9 5 5 | | C o m p t o n | | D r | | S E , | | A t l a n t a , | | G A | | 3 0 3 1 5 , | | U S A
3 3 . 6 9 8 5 4 7 9
- 8 4 . 3 8 7 0 5 8
h t t p s : / / m a p s . g s t a t i c . c o m / m a p f i l e s / p l a c e _ a p i / i c o n s / g e n e r i c _ r e c r e a t i o n a l - 7 1 . p n g
S o u t h | | B e n d | | P a r k
4 . 1
2 5 | | C o u r t l a n d | | S t | | S E , | | A t l a n t a , | | G A | | 3 0 3 0 3 , | | U S A
3 3 . 7 5 4 1 1 3 4
- 8 4 . 3 8 5 3 7 7 4
h t t p s : / / m a p s . g s t a t i c . c o m / m a p f i l e s / p l a c e _ a p i / i c o n s / g e n e r i c _ r e c r e a t i o n a l - 7 1 . p n g
H u r t | | P a r k
3 . 3
1 3 6 8 | | E u c l i d | | A v e | | N E , | | A t l a n t a , | | G A | | 3 0 3 0 7 , | | U S A
3 3 . 7 7 0 1 8 4 2
- 8 4 . 3 4 3 1 9 5 1
h t t p s : / / m a p s . g s t a t i c . c o m / m a p f i l e s / p l a c e _ a p i / i c o n s / g e n e r i c _ r e c r e a t i o n a l - 7 1 . p n g
G o l d s b o r o | | P a r k
4 . 1
7 9 7 | | V i g i n i a | | A v e n u e | | N E , | | A t l a n t a , | | G A | | 3 0 3 0 6 , | | U S A
3 3 . 7 8 1 7 3 8 1
- 8 4 . 3 5 9 9 5 5 5
h t t p s : / / m a p s . g s t a t i c . c o m / m a p f i l e s / p l a c e _ a p i / i c o n s / g e n e r i c _ r e c r e a t i o n a l - 7 1 . p n g
J o h n | | H o w e l l | | P a r k
4 . 5
4 0 1 2 | | P e a c h t r e e | | D u n w o o d y | | R d , | | A t l a n t a , | | G A | | 3 0 3 4 2 , | | U S A
3 3 . 8 6 3 9 6 0 9
- 8 4 . 3 5 9 1 3 4 0 9 9 9 9 9 9 9
h t t p s : / / m a p s . g s t a t i c . c o m / m a p f i l e s / p l a c e _ a p i / i c o n s / g e n e r i c _ r e c r e a t i o n a l - 7 1 . p n g
L i t t l e | | N a n c y | | C r e e k | | P a r k
4 . 7
1 7 8 8 | | P o n c e | | D e | | L e o n | | A v e | | N E , | | A t l a n t a , | | G A | | 3 0 3 0 7 , | | U S A
3 3 . 7 7 3 0 0 9 9
- 8 4 . 3 2 9 4 1 6 6
h t t p s : / / m a p s . g s t a t i c . c o m / m a p f i l e s / p l a c e _ a p i / i c o n s / g e n e r i c _ r e c r e a t i o n a l - 7 1 . p n g
O l m s t e d | | L i n e a r | | P a r k
5
1 4 0 | | W | | W i e u c a | | R d | | N W , | | A t l a n t a , | | G A | | 3 0 3 4 2 , | | U S A
3 3 . 8 7 5 0 8 5 6
- 8 4 . 3 9 0 6 7 7 5
h t t p s : / / m a p s . g s t a t i c . c o m / m a p f i l e s / p l a c e _ a p i / i c o n s / g e n e r i c _ r e c r e a t i o n a l - 7 1 . p n g
C h a s t a i n | | M e m o r i a l | | P a r k
4 . 6
1 1 1 5 | | D o n a l d | | L e e | | H o l l o w e l l | | P k w y | | N W , | | A t l a n t a , | | G A | | 3 0 3 1 8 , | | U S A
3 3 . 7 7 0 5 0 8 4
- 8 4 . 4 2 6 7 4 5 0 9 9 9 9 9 9 9
h t t p s : / / m a p s . g s t a t i c . c o m / m a p f i l e s / p l a c e _ a p i / i c o n s / g e n e r i c _ r e c r e a t i o n a l - 7 1 . p n g
M a d d o x | | P a r k
4 . 1
