5 | | S W | | 1 7 t h | | R d , | | M i a m i , | | F L | | 3 3 1 2 9 , | | U S A
2 5 . 7 5 8 1 4 3 8
- 8 0 . 1 9 6 9 7 7 8
h t t p s : / / m a p s . g s t a t i c . c o m / m a p f i l e s / p l a c e _ a p i / i c o n s / g e n e r i c _ r e c r e a t i o n a l - 7 1 . p n g
S i m p s o n | | P a r k
4 . 4
7 5 0 | | N E | | 5 5 t h | | T e r r a c e , | | M i a m i , | | F L | | 3 3 1 3 7 , | | U S A
2 5 . 8 2 6 9 6 3 6
- 8 0 . 1 8 1 2 8 5
h t t p s : / / m a p s . g s t a t i c . c o m / m a p f i l e s / p l a c e _ a p i / i c o n s / g e n e r i c _ r e c r e a t i o n a l - 7 1 . p n g
M o r n i n g s i d e | | P a r k
4 . 6
M i a m i , | | F L | | 3 3 1 3 2 , | | U S A
2 5 . 7 9 4 2 6 2 8
- 8 0 . 1 8 5 7 6 2 9
h t t p s : / / m a p s . g s t a t i c . c o m / m a p f i l e s / p l a c e _ a p i / i c o n s / g e n e r i c _ r e c r e a t i o n a l - 7 1 . p n g
M a r g a r e t | | P a c e | | P a r k
4 . 6
3 4 8 5 | | M a i n | | H w y , | | M i a m i , | | F L | | 3 3 1 3 3 , | | U S A
2 5 . 7 2 5 3 0 6
- 8 0 . 2 4 2 5 2 5
h t t p s : / / m a p s . g s t a t i c . c o m / m a p f i l e s / p l a c e _ a p i / i c o n s / g e n e r i c _ r e c r e a t i o n a l - 7 1 . p n g
T h e | | B a r n a c l e | | H i s t o r i c | | S t a t e | | P a r k
4 . 2
2 4 0 0 | | S | | B a y s h o r e | | D r , | | M i a m i , | | F L | | 3 3 1 3 3 , | | U S A
2 5 . 7 3 4 8 4 8 9
- 8 0 . 2 2 8 7 4 4 4
h t t p s : / / m a p s . g s t a t i c . c o m / m a p f i l e s / p l a c e _ a p i / i c o n s / g e n e r i c _ r e c r e a t i o n a l - 7 1 . p n g
D a v i d | | T . | | K e n n e d y | | P a r k
4 . 6
3 0 1 | | N o r t h | | B i s c a y n e | | B l v d , | | M i a m i , | | F L | | 3 3 1 3 2 , | | U S A
2 5 . 7 7 4 4 0 8 8
- 8 0 . 1 8 5 9 0 9 5
h t t p s : / / m a p s . g s t a t i c . c o m / m a p f i l e s / p l a c e _ a p i / i c o n s / g e n e r i c _ r e c r e a t i o n a l - 7 1 . p n g
B a y f r o n t | | P a r k
4 . 6
1 | | W a s h i n g t o n | | A v e , | | M i a m i | | B e a c h , | | F L | | 3 3 1 3 9 , | | U S A
2 5 . 7 6 3 7 8 2 4
- 8 0 . 1 3 0 1 8 0 2
h t t p s : / / m a p s . g s t a t i c . c o m / m a p f i l e s / p l a c e _ a p i / i c o n s / g e n e r i c _ b u s i n e s s - 7 1 . p n g
S o u t h | | P o i n t e | | P a r k | | P i e r
4 . 7
8 0 1 | | S W | | 1 5 t h | | A v e , | | M i a m i , | | F L | | 3 3 1 3 5 , | | U S A
2 5 . 7 6 5 5 7 8 5
- 8 0 . 2 1 9 3 7 4 8
h t t p s : / / m a p s . g s t a t i c . c o m / m a p f i l e s / p l a c e _ a p i / i c o n s / g e n e r i c _ r e c r e a t i o n a l - 7 1 . p n g
M a x i m o | | G o m e z | | P a r k
4 . 1
1 0 7 5 | | B i s c a y n e | | B l v d , | | M i a m i , | | F L | | 3 3 1 3 2 , | | U S A
2 5 . 7 8 4 3 5 8 3
- 8 0 . 1 8 7 1 9 1 8
h t t p s : / / m a p s . g s t a t i c . c o m / m a p f i l e s / p l a c e _ a p i / i c o n s / g e n e r i c _ r e c r e a t i o n a l - 7 1 . p n g
M u s e u m | | P a r k
4 . 6
B r i c k e l l | | K e y | | D r , | | M i a m i , | | F L | | 3 3 1 3 1 , | | U S A
2 5 . 7 6 4 7 5 8 7
- 8 0 . 1 8 4 4 5 1 4
h t t p s : / / m a p s . g s t a t i c . c o m / m a p f i l e s / p l a c e _ a p i / i c o n s / g e n e r i c _ r e c r e a t i o n a l - 7 1 . p n g
B r i c k e l l | | K e y | | P a r k
4 . 6
2 8 4 5 | | B r i c k e l l | | A v e , | | M i a m i , | | F L | | 3 3 1 2 9 , | | U S A
2 5 . 7 4 8 6 7 8 2
- 8 0 . 2 0 6 1 3 1 5
h t t p s : / / m a p s . g s t a t i c . c o m / m a p f i l e s / p l a c e _ a p i / i c o n s / g e n e r i c _ r e c r e a t i o n a l - 7 1 . p n g
A l i c e | | W a i n w r i g h t | | P a r k
4 . 5
1 4 1 5 | | S W | | 3 2 n d | | A v e , | | M i a m i , | | F L | | 3 3 1 4 5 , | | U S A
2 5 . 7 5 8 0 5 7 5
- 8 0 . 2 4 6 2 2 2
h t t p s : / / m a p s . g s t a t i c . c o m / m a p f i l e s / p l a c e _ a p i / i c o n s / g e n e r i c _ r e c r e a t i o n a l - 7 1 . p n g
C o r a l | | G a t e | | P a r k
4 . 5
2 3 0 1 | | S W | | 1 3 t h | | S t , | | M i a m i , | | F L | | 3 3 1 4 5 , | | U S A
2 5 . 7 6 0 8 0 4 1
- 8 0 . 2 3 2 6 6 0 7
h t t p s : / / m a p s . g s t a t i c . c o m / m a p f i l e s / p l a c e _ a p i / i c o n s / g e n e r i c _ r e c r e a t i o n a l - 7 1 . p n g
B r y a n | | P a r k
4 . 2
1 0 1 | | N W | | 3 4 t h | | S t , | | M i a m i , | | F L | | 3 3 1 2 7 , | | U S A
2 5 . 8 0 8 7 8 7 6
- 8 0 . 1 9 8 4 9 6 2 0 0 0 0 0 0 1
h t t p s : / / m a p s . g s t a t i c . c o m / m a p f i l e s / p l a c e _ a p i / i c o n s / g e n e r i c _ r e c r e a t i o n a l - 7 1 . p n g
R o b e r t o | | C l e m e n t e | | P a r k
4 . 3
1 8 0 1 | | N W | | S | | R i v e r | | D r , | | M i a m i , | | F L | | 3 3 1 2 5 , | | U S A
2 5 . 7 8 5 1 4 5 3
- 8 0 . 2 2 4 1 1 4 5
h t t p s : / / m a p s . g s t a t i c . c o m / m a p f i l e s / p l a c e _ a p i / i c o n s / g e n e r i c _ r e c r e a t i o n a l - 7 1 . p n g
S e w e l l | | P a r k
4 . 1
4 0 2 0 | | V i r g i n i a | | B e a c h | | D r , | | M i a m i , | | F L | | 3 3 1 4 9 , | | U S A
2 5 . 7 3 6 1 0 4 1
- 8 0 . 1 5 5 9 0 3 9
h t t p s : / / m a p s . g s t a t i c . c o m / m a p f i l e s / p l a c e _ a p i / i c o n s / g e n e r i c _ r e c r e a t i o n a l - 7 1 . p n g
H i s t o r i c | | V i r g i n i a | | K e y | | B e a c h | | P a r k
4 . 5
1 7 1 7 | | N W | | 5 | | A v e , | | M i a m i , | | F L | | 3 3 1 3 6 , | | U S A
2 5 . 7 9 2 2 5 9
- 8 0 . 2 0 2 2 8 9 9 9 9 9 9 9 9 9
h t t p s : / / m a p s . g s t a t i c . c o m / m a p f i l e s / p l a c e _ a p i / i c o n s / g e n e r i c _ r e c r e a t i o n a l - 7 1 . p n g
W i l l i a m s | | P a r k
4 . 4
4 3 5 5 | | S W | | 4 2 n d | | A v e , | | M i a m i , | | F L | | 3 3 1 3 3 , | | U S A
2 5 . 7 1 1 3 7 1 1
- 8 0 . 2 5 9 9 0 1 2
h t t p s : / / m a p s . g s t a t i c . c o m / m a p f i l e s / p l a c e _ a p i / i c o n s / g e n e r i c _ r e c r e a t i o n a l - 7 1 . p n g
M e r r i e | | C h r i s t m a s | | P a r k
4 . 4
6 7 3 1 | | S W | | 3 3 r d | | S t , | | M i a m i , | | F L | | 3 3 1 5 5 , | | U S A
2 5 . 7 4 0 6 9 4 3
- 8 0 . 3 0 9 1 6 3 0 9 9 9 9 9 9 9
h t t p s : / / m a p s . g s t a t i c . c o m / m a p f i l e s / p l a c e _ a p i / i c o n s / g e n e r i c _ r e c r e a t i o n a l - 7 1 . p n g
A D | | B a r n e s | | P a r k
4 . 2
2 8 2 0 | | M c F a r l a n e | | R d , | | M i a m i , | | F L | | 3 3 1 3 3 , | | U S A
2 5 . 7 2 5 6 6 0 3
- 8 0 . 2 4 0 5 5 3 6
h t t p s : / / m a p s . g s t a t i c . c o m / m a p f i l e s / p l a c e _ a p i / i c o n s / g e n e r i c _ r e c r e a t i o n a l - 7 1 . p n g
P e a c o c k | | P a r k
4 . 5
