3 8 0 1 | | D i s c o v e r y | | P a r k | | B l v d , | | S e a t t l e , | | W A | | 9 8 1 9 9 , | | U S A
4 7 . 6 5 7 3 0 2
- 1 2 2 . 4 0 5 4 9 6
h t t p s : / / m a p s . g s t a t i c . c o m / m a p f i l e s / p l a c e _ a p i / i c o n s / g e n e r i c _ r e c r e a t i o n a l - 7 1 . p n g
D i s c o v e r y | | P a r k
4 . 7
1 2 4 7 | | 1 5 t h | | A v e | | E , | | S e a t t l e , | | W A | | 9 8 1 1 2 , | | U S A
4 7 . 6 3 0 0 2 8
- 1 2 2 . 3 1 5 0 4 9
h t t p s : / / m a p s . g s t a t i c . c o m / m a p f i l e s / p l a c e _ a p i / i c o n s / g e n e r i c _ r e c r e a t i o n a l - 7 1 . p n g
V o l u n t e e r | | P a r k
4 . 7
2 1 1 | | W | | H i g h l a n d | | D r , | | S e a t t l e , | | W A | | 9 8 1 1 9 , | | U S A
4 7 . 6 2 9 4 6 9 2
- 1 2 2 . 3 5 9 9 2 2 4
h t t p s : / / m a p s . g s t a t i c . c o m / m a p f i l e s / p l a c e _ a p i / i c o n s / g e n e r i c _ r e c r e a t i o n a l - 7 1 . p n g
K e r r y | | P a r k
4 . 7
8 0 1 1 | | F a u n t l e r o y | | W a y | | S W , | | S e a t t l e , | | W A | | 9 8 1 3 6 , | | U S A
4 7 . 5 3 0 5 7 0 9 9 9 9 9 9 9 9
- 1 2 2 . 3 9 5 9 9 2
h t t p s : / / m a p s . g s t a t i c . c o m / m a p f i l e s / p l a c e _ a p i / i c o n s / g e n e r i c _ r e c r e a t i o n a l - 7 1 . p n g
L i n c o l n | | P a r k
4 . 7
3 1 3 0 | | A l a s k a n | | W a y , | | S e a t t l e , | | W A | | 9 8 1 2 1 , | | U S A
4 7 . 6 1 9 4 3 8
- 1 2 2 . 3 6 1 8 1 7
h t t p s : / / m a p s . g s t a t i c . c o m / m a p f i l e s / p l a c e _ a p i / i c o n s / g e n e r i c _ r e c r e a t i o n a l - 7 1 . p n g
M y r t l e | | E d w a r d s | | P a r k
4 . 7
5 9 0 0 | | L a k e | | W a s h i n g t o n | | B l v d | | S , | | S e a t t l e , | | W A | | 9 8 1 1 8 , | | U S A
4 7 . 5 4 9 9 1 5 2
- 1 2 2 . 2 5 6 6 5 7 7
h t t p s : / / m a p s . g s t a t i c . c o m / m a p f i l e s / p l a c e _ a p i / i c o n s / g e n e r i c _ r e c r e a t i o n a l - 7 1 . p n g
S e w a r d | | P a r k
4 . 7
2 1 0 1 | | N | | N o r t h l a k e | | W a y , | | S e a t t l e , | | W A | | 9 8 1 0 3 , | | U S A
4 7 . 6 4 5 6 3 0 8
- 1 2 2 . 3 3 4 3 5 3 2
h t t p s : / / m a p s . g s t a t i c . c o m / m a p f i l e s / p l a c e _ a p i / i c o n s / g e n e r i c _ r e c r e a t i o n a l - 7 1 . p n g
G a s | | W o r k s | | P a r k
4 . 6
9 5 0 | | N W | | C a r k e e k | | P a r k | | R d , | | S e a t t l e , | | W A | | 9 8 1 7 7 , | | U S A
4 7 . 7 1 1 6 2 3 2
- 1 2 2 . 3 7 2 1 6 8 8
h t t p s : / / m a p s . g s t a t i c . c o m / m a p f i l e s / p l a c e _ a p i / i c o n s / g e n e r i c _ r e c r e a t i o n a l - 7 1 . p n g
C a r k e e k | | P a r k
4 . 6
7 2 0 1 | | E a s t | | G r e e n | | L a k e | | D r | | N , | | S e a t t l e , | | W A | | 9 8 1 1 5 , | | U S A
4 7 . 6 8 0 2 1 3 2
- 1 2 2 . 3 2 8 3 1 8 8
h t t p s : / / m a p s . g s t a t i c . c o m / m a p f i l e s / p l a c e _ a p i / i c o n s / g e n e r i c _ r e c r e a t i o n a l - 7 1 . p n g
G r e e n | | L a k e | | P a r k
4 . 7
2 3 0 0 | | A r b o r e t u m | | D r | | E , | | S e a t t l e , | | W A | | 9 8 1 1 2 , | | U S A
4 7 . 6 3 9 7 9 5 3
- 1 2 2 . 2 9 4 4 7 0 5
h t t p s : / / m a p s . g s t a t i c . c o m / m a p f i l e s / p l a c e _ a p i / i c o n s / g e n e r i c _ r e c r e a t i o n a l - 7 1 . p n g
W a s h i n g t o n | | P a r k | | A r b o r e t u m | | U W | | B o t a n i c | | G a r d e n s
4 . 7
8 4 9 8 | | S e a v i e w | | P l | | N W , | | S e a t t l e , | | W A | | 9 8 1 1 7 , | | U S A
4 7 . 6 9 1 7 5 1 7
- 1 2 2 . 4 0 3 0 9 1 2
h t t p s : / / m a p s . g s t a t i c . c o m / m a p f i l e s / p l a c e _ a p i / i c o n s / g e n e r i c _ r e c r e a t i o n a l - 7 1 . p n g
G o l d e n | | G a r d e n s | | P a r k
4 . 7
2 9 0 1 | | W e s t e r n | | A v e , | | S e a t t l e , | | W A | | 9 8 1 2 1 , | | U S A
4 7 . 6 1 6 5 9 5 8
- 1 2 2 . 3 5 5 3 1 0 1
h t t p s : / / m a p s . g s t a t i c . c o m / m a p f i l e s / p l a c e _ a p i / i c o n s / g e n e r i c _ r e c r e a t i o n a l - 7 1 . p n g
O l y m p i c | | S c u l p t u r e | | P a r k
4 . 4
5 5 2 0 | | R a v e n n a | | A v e | | N E , | | S e a t t l e , | | W A | | 9 8 1 0 5 , | | U S A
4 7 . 6 7 2 4 6 2 3
- 1 2 2 . 3 0 8 0 3 7
h t t p s : / / m a p s . g s t a t i c . c o m / m a p f i l e s / p l a c e _ a p i / i c o n s / g e n e r i c _ r e c r e a t i o n a l - 7 1 . p n g
R a v e n n a | | P a r k
4 . 6
1 4 0 1 | | A l a s k a n | | W a y , | | S e a t t l e , | | W A | | 9 8 1 0 1 , | | U S A
4 7 . 6 0 7 0 4
- 1 2 2 . 3 4 1 8 2 7 6
h t t p s : / / m a p s . g s t a t i c . c o m / m a p f i l e s / p l a c e _ a p i / i c o n s / g e n e r i c _ r e c r e a t i o n a l - 7 1 . p n g
W a t e r f r o n t | | P a r k
4 . 4
1 7 0 2 | | A l k i | | A v e | | S W , | | S e a t t l e , | | W A | | 9 8 1 1 6 , | | U S A
4 7 . 5 7 9 0 7 5 4 9 9 9 9 9 9 9
- 1 2 2 . 4 1 1 4 2 7 6
h t t p s : / / m a p s . g s t a t i c . c o m / m a p f i l e s / p l a c e _ a p i / i c o n s / g e n e r i c _ r e c r e a t i o n a l - 7 1 . p n g
A l k i | | B e a c h | | P a r k
4 . 6
1 4 0 0 | | E | | G a l e r | | S t , | | S e a t t l e , | | W A | | 9 8 1 1 2 , | | U S A
4 7 . 6 3 2 1 2 3
- 1 2 2 . 3 1 5 7 2 8
h t t p s : / / m a p s . g s t a t i c . c o m / m a p f i l e s / p l a c e _ a p i / i c o n s / g e n e r i c _ r e c r e a t i o n a l - 7 1 . p n g
V o l u n t e e r | | P a r k | | C o n s e r v a t o r y
4 . 6
9 8 1 7 | | 5 5 t h | | A v e | | S , | | S e a t t l e , | | W A | | 9 8 1 1 8 , | | U S A
4 7 . 5 1 3 1 5 6
- 1 2 2 . 2 6 6 2 8
h t t p s : / / m a p s . g s t a t i c . c o m / m a p f i l e s / p l a c e _ a p i / i c o n s / g e n e r i c _ r e c r e a t i o n a l - 7 1 . p n g
K u b o t a | | G a r d e n
4 . 6
7 4 0 0 | | S a n d | | P o i n t | | W a y | | N E , | | S e a t t l e , | | W A | | 9 8 1 1 5 , | | U S A
4 7 . 6 8 0 2 5 6 9
- 1 2 2 . 2 5 3 2 0 1 5
h t t p s : / / m a p s . g s t a t i c . c o m / m a p f i l e s / p l a c e _ a p i / i c o n s / g e n e r i c _ r e c r e a t i o n a l - 7 1 . p n g
M a g n u s o n | | P a r k
4 . 6
2 1 9 | | 2 n d | | A v e | | S , | | S e a t t l e , | | W A | | 9 8 1 0 4 , | | U S A
4 7 . 6 0 0 1 3 2 1
- 1 2 2 . 3 3 1 7 4 3 5
h t t p s : / / m a p s . g s t a t i c . c o m / m a p f i l e s / p l a c e _ a p i / i c o n s / g e n e r i c _ r e c r e a t i o n a l - 7 1 . p n g
U P S | | W a t e r f a l l | | G a r d e n | | P a r k
4 . 5
1 0 7 5 | | L a k e | | W a s h i n g t o n | | B l v d | | E , | | S e a t t l e , | | W A | | 9 8 1 1 2 , | | U S A
4 7 . 6 2 9 0 0 0 5
- 1 2 2 . 2 9 6 2 9 3 6
h t t p s : / / m a p s . g s t a t i c . c o m / m a p f i l e s / p l a c e _ a p i / i c o n s / g e n e r i c _ r e c r e a t i o n a l - 7 1 . p n g
S e a t t l e | | J a p a n e s e | | G a r d e n
4 . 5
